method,auc_tile_max,auc_frac_above_15cm,j_tile_max,thr_tile_max,j_frac15,thr_frac15,cdw_detect_rate_15cm,no_false_high_rate_15cm,cohens_d_tile_max
idw_k3_raw,0.6289783366404005,0.6621654698725765,0.21115629182984708,1.093994140625,0.24180880019271228,0.11041696525831907,1.0,0.9911032028469751,0.3639820966507063
tin_linear_raw,0.6256794439905332,0.6620734286877938,0.21038891979348007,1.0936126708984375,0.2408885435576758,0.11041696525831907,1.0,0.9911032028469751,0.3632995655299795
idw_k6_raw,0.6278674786985966,0.6622017896655599,0.20962992924780155,1.093994140625,0.24103304666565672,0.10816150696224518,1.0,0.9911032028469751,0.36359745429038665
idw_k3_gauss,0.6136619384711665,0.657347044003447,0.2059814973936669,1.0840765237808228,0.22601993428911293,0.11401123396194535,1.0,0.9908807829181495,0.3650695703611982
idw_k6_gauss,0.6124560126951646,0.6574050159807089,0.20536157750830075,1.0845968776590684,0.22786044755918572,0.11399623318822691,1.0,0.9908807829181495,0.36470734642525715
tin_linear_gauss,0.6103128344835635,0.6571950130751255,0.2044413208732644,1.0847245822233311,0.22601993428911293,0.11388734192894633,1.0,0.9908807829181495,0.3636036612672002
baseline_idw3_drop13,0.6266596127627132,0.7237123857323436,0.20051319557059943,1.2954013347625732,0.36052190611240387,0.03514151304214795,1.0,0.9532918149466192,0.32457645297706117
tps_gauss,0.5843608678754225,0.6275386604018646,0.1764494701656183,1.0821440304026884,0.1816784338656925,0.20870401475989703,1.0,0.9986654804270463,0.339619947719159
tps_raw,0.5829423005763982,0.6260571543162814,0.17467554318268175,1.08673095703125,0.17906216706856426,0.199786603920469,1.0,0.9986654804270463,0.3391807807492737
