{
  "tile_id": "436646",
  "years": [
    2018
  ],
  "parameters": {
    "dem_resolution": 1.0,
    "hag_max": 1.3,
    "gaussian_sigma": 0.3,
    "chunk_size": 800000,
    "idw_k": 12,
    "idw_power": 2.0,
    "mad_factor": 2.5,
    "mad_floor": 0.15,
    "tps_neighbors": 64,
    "tps_smoothing": 0.05,
    "anchors": 936999,
    "tps_samples": 35000,
    "tps_impl": "RBFInterpolator",
    "point_sample_rate": 1.0
  },
  "paths": {
    "laz_dir": "data/lamapuit/laz",
    "labels_dir": "output/onboarding_labels_v2_drop13",
    "baseline_chm_dir": "data/lamapuit/chm_max_hag_13_drop",
    "out_dir": "experiments/dtm_hag_436646_reproduce_single_2018/improve_rounds_2026_04_15/r6_only_raw_gauss_hag0_1p3",
    "report_json": "experiments/dtm_hag_436646_reproduce_single_2018/improve_rounds_2026_04_15/r6_only_raw_gauss_hag0_1p3/experiment_report.json",
    "report_csv": "experiments/dtm_hag_436646_reproduce_single_2018/improve_rounds_2026_04_15/r6_only_raw_gauss_hag0_1p3/eval/method_summary.csv",
    "report_md": "experiments/dtm_hag_436646_reproduce_single_2018/improve_rounds_2026_04_15/r6_only_raw_gauss_hag0_1p3/experiment_report.md"
  },
  "csf_year_stats": {
    "2018": {
      "points_total": 32442204,
      "points_ground_class2": 17347992,
      "ground_ratio_pct": 53.47353095985711,
      "dem_valid_cells": 936999,
      "dem_valid_pct": 93.6999
    }
  },
  "harmonization_stats": {
    "years": [
      2018
    ],
    "mad_factor": 2.5,
    "floor_m": 0.15,
    "valid_cells": 936999,
    "valid_pct": 93.6999,
    "median_mad": 0.0,
    "p95_mad": 0.0
  },
  "dtm_stats": {
    "idw_k3": {
      "count": 1000000,
      "min": 106.70999908447266,
      "max": 171.63999938964844,
      "mean": 128.8961944580078,
      "std": 8.582801818847656,
      "p50": 129.72000122070312,
      "p90": 136.6300048828125,
      "p95": 142.35000610351562,
      "p99": 160.80999755859375
    },
    "idw_k6": {
      "count": 1000000,
      "min": 106.70999908447266,
      "max": 171.63999938964844,
      "mean": 128.8958740234375,
      "std": 8.582411766052246,
      "p50": 129.72000122070312,
      "p90": 136.6300048828125,
      "p95": 142.35000610351562,
      "p99": 160.80999755859375
    },
    "tin_linear": {
      "count": 1000000,
      "min": 106.70999908447266,
      "max": 171.63999938964844,
      "mean": 128.89688110351562,
      "std": 8.583009719848633,
      "p50": 129.72000122070312,
      "p90": 136.6300048828125,
      "p95": 142.35000610351562,
      "p99": 160.80999755859375
    },
    "tps": {
      "count": 1000000,
      "min": 115.53181457519531,
      "max": 169.5905303955078,
      "mean": 128.89356994628906,
      "std": 8.579298973083496,
      "p50": 129.72470092773438,
      "p90": 136.62173461914062,
      "p95": 142.34742736816406,
      "p99": 160.81068420410156
    },
    "harmonized_dem": {
      "count": 936999,
      "min": 106.70999908447266,
      "max": 171.63999938964844,
      "mean": 128.8092041015625,
      "std": 8.669402122497559,
      "p50": 129.5500030517578,
      "p90": 136.7899932861328,
      "p95": 142.49000549316406,
      "p99": 161.22000122070312
    }
  },
  "dtm_ground_fit": {
    "idw_k3": {
      "n_samples": 60000,
      "mean_residual": 0.09005541698481832,
      "median_residual": 0.06502378804751885,
      "rmse": 0.12912779015122816,
      "mae": 0.09038759563961642,
      "p95_abs_residual": 0.24886955392387772
    },
    "idw_k6": {
      "n_samples": 60000,
      "mean_residual": 0.08993171070911482,
      "median_residual": 0.06523694015857018,
      "rmse": 0.12955383268394172,
      "mae": 0.09051160815806318,
      "p95_abs_residual": 0.24797667171045878
    },
    "tin_linear": {
      "n_samples": 60000,
      "mean_residual": 0.09007722666511836,
      "median_residual": 0.06580070499639135,
      "rmse": 0.128518066215812,
      "mae": 0.09050634403436073,
      "p95_abs_residual": 0.24459812918632337
    },
    "tps": {
      "n_samples": 60000,
      "mean_residual": 0.08790973715977188,
      "median_residual": 0.0676815405729485,
      "rmse": 0.19498429022042507,
      "mae": 0.12021651929465972,
      "p95_abs_residual": 0.3563419763252741
    }
  },
  "raster_stats": {
    "harmonized_dem_raw": {
      "2018": {
        "count": 12874726,
        "min": 0.0,
        "max": 1.2999954223632812,
        "mean": 0.10411842912435532,
        "std": 0.14273099601268768,
        "p50": 0.06600189208984375,
        "p90": 0.20040130615234375,
        "p95": 0.27880096435546875,
        "p99": 0.9708099365234375
      }
    },
    "harmonized_dem_gauss": {
      "2018": {
        "count": 22184260,
        "min": 0.0,
        "max": 1.2999954223632812,
        "mean": 0.10609705001115799,
        "std": 0.1410258412361145,
        "p50": 0.0678025409579277,
        "p90": 0.203399658203125,
        "p95": 0.2898244857788086,
        "p99": 0.8987889289855957
      }
    },
    "baseline_idw3_drop13": {
      "2018": {
        "count": 8644327,
        "min": 0.0,
        "max": 1.2999999523162842,
        "mean": 0.0407303124666214,
        "std": 0.18052512407302856,
        "p50": 2.631196593938512e-09,
        "p90": 0.03516247496008873,
        "p95": 0.13379958271980286,
        "p99": 1.149999976158142
      }
    }
  },
  "evaluation_per_year": {
    "harmonized_dem_raw": {
      "2018": {
        "n_tiles": 5929,
        "n_cdw": 1433,
        "n_no_cdw": 4496,
        "cdw_tile_max_mean": 1.2933033891932082,
        "no_tile_max_mean": 1.2238753732837393,
        "cdw_detect_rate_15cm": 1.0,
        "no_false_high_rate_15cm": 0.9913256227758007,
        "best_youden_tile_max": {
          "threshold": 1.2956008911132812,
          "tpr": 0.7459874389392882,
          "fpr": 0.5380338078291815,
          "precision": 0.30647935779816515,
          "f1": 0.4344645397276977,
          "youden_j": 0.20795363111010667,
          "tp": 1069,
          "fp": 2419,
          "tn": 2077,
          "fn": 364
        },
        "best_youden_frac_above_15cm": {
          "threshold": 0.1209978838734156,
          "tpr": 0.7264480111653873,
          "fpr": 0.4766459074733096,
          "precision": 0.32694723618090454,
          "f1": 0.4509421702404159,
          "youden_j": 0.24980210369207767,
          "tp": 1041,
          "fp": 2143,
          "tn": 2353,
          "fn": 392
        },
        "auc_tile_max": 0.6365787965669414,
        "auc_frac_above_15cm": 0.6701330856551098,
        "cohens_d_tile_max": 0.33205837872193467,
        "cohens_d_frac_above_15cm": 0.5426595846821742
      }
    },
    "harmonized_dem_gauss": {
      "2018": {
        "n_tiles": 5929,
        "n_cdw": 1433,
        "n_no_cdw": 4496,
        "cdw_tile_max_mean": 1.2884568435407067,
        "no_tile_max_mean": 1.2187561476669437,
        "cdw_detect_rate_15cm": 1.0,
        "no_false_high_rate_15cm": 0.9911032028469751,
        "best_youden_tile_max": {
          "threshold": 1.2883062362670898,
          "tpr": 0.7669225401256106,
          "fpr": 0.5513790035587188,
          "precision": 0.30715483510340974,
          "f1": 0.4386350029934145,
          "youden_j": 0.21554353656689174,
          "tp": 1099,
          "fp": 2479,
          "tn": 2017,
          "fn": 334
        },
        "best_youden_frac_above_15cm": {
          "threshold": 0.13026913876472954,
          "tpr": 0.6950453593859037,
          "fpr": 0.4541814946619217,
          "precision": 0.32784726793943386,
          "f1": 0.4455379109818833,
          "youden_j": 0.24086386472398202,
          "tp": 996,
          "fp": 2042,
          "tn": 2454,
          "fn": 437
        },
        "auc_tile_max": 0.6283362213259891,
        "auc_frac_above_15cm": 0.6683563648419437,
        "cohens_d_tile_max": 0.3347215722651131,
        "cohens_d_frac_above_15cm": 0.5391018998915491
      }
    },
    "baseline_idw3_drop13": {
      "2018": {
        "n_tiles": 5929,
        "n_cdw": 1433,
        "n_no_cdw": 4496,