method,auc_tile_max,auc_frac_above_15cm,j_tile_max,thr_tile_max,j_frac15,thr_frac15,cdw_detect_rate_15cm,no_false_high_rate_15cm,cohens_d_tile_max
tps_gauss,0.6474711645677759,0.6075518317592686,0.23879705120532035,1.2955780029296875,0.17916088240333972,0.06716391263290078,1.0,0.9875444839857651,0.3281758201946373
tps_raw,0.6474711645677759,0.6075518317592686,0.23879705120532035,1.2955780029296875,0.17916088240333972,0.06716391263290078,1.0,0.9875444839857651,0.3281758201946373
idw_k3_raw,0.6428330183548437,0.6995778832948819,0.21161199658283514,1.2933197021484375,0.30620208581156416,0.017092544474427467,1.0,0.9572953736654805,0.33141480490577474
idw_k3_gauss,0.6428330183548437,0.6995778832948819,0.21161199658283514,1.2933197021484375,0.30620208581156416,0.017092544474427467,1.0,0.9572953736654805,0.33141480490577474
baseline_idw3_drop13,0.6266596127627132,0.7237123857323436,0.20051319557059943,1.2954013347625732,0.36052190611240387,0.03514151304214795,1.0,0.9532918149466192,0.32457645297706117
tin_linear_raw,0.6322440137530949,0.7275568513409143,0.19689875531759016,1.294769287109375,0.3568408795722584,0.0253848951741255,1.0,0.9626334519572953,0.32326626787046026
tin_linear_gauss,0.6322440137530949,0.7275568513409143,0.19689875531759016,1.294769287109375,0.3568408795722584,0.0253848951741255,1.0,0.9626334519572953,0.32326626787046026
idw_k6_gauss,0.6350536756872202,0.6990662243309087,0.19521066100781526,1.290008544921875,0.30804259908163695,0.017092802273403186,1.0,0.9577402135231317,0.32708206802000767
idw_k6_raw,0.6350536756872202,0.6990662243309087,0.19521066100781526,1.290008544921875,0.30804259908163695,0.017092802273403186,1.0,0.9577402135231317,0.32708206802000767
