name,best_epoch,train_loss,val_loss,mAP50,mAP50_95,precision,recall,overfitting
exp7_conservative_aug,88,2.73862,3.87451,0.0996,0.03555,0.24454,0.08333,41.47672915556009
exp4_low_lr,131,2.65599,3.82324,0.09326,0.04451,0.5655,0.1,43.947831128882264
exp3_small,131,2.65599,3.82324,0.09326,0.04451,0.5655,0.1,43.947831128882264
exp2_medium,133,2.65969,3.39752,0.08616,0.04058,0.2708,0.11667,27.74120292214507
exp1_baseline_nano,92,3.05421,4.30298,0.0845,0.0272,0.31019,0.11667,40.886841441813104
exp6_aggressive_aug,78,2.9009,8.81104,0.07752,0.0435,0.34163,0.1,203.7347030231997
exp5_high_reg,16,3.15252,69.3164,0.04907,0.01208,0.35063,0.05,2098.761625620139
