k,precision_at_k,recall_at_k,lift_at_k,ndcg_at_k
10,0.200000,0.133333,1.040000,0.144652
25,0.240000,0.400000,1.248000,0.276804
50,0.160000,0.533333,0.832000,0.341813
