method,auc_tile_max,auc_frac_above_15cm,j_tile_max,thr_tile_max,j_frac15,thr_frac15,cdw_detect_rate_15cm,no_false_high_rate_15cm,cohens_d_tile_max
baseline_idw3_drop13,0.6266596127627132,0.7237123857323436,0.20051319557059943,1.2954013347625732,0.36052190611240387,0.03514151304214795,1.0,0.9532918149466192,0.32457645297706117
tin_linear_gauss,0.5354545592825941,0.7569413488115667,0.07086022653617208,0.699999988079071,0.4019087758553466,0.4919772213583556,1.0,0.9911032028469751,0.22901963699320596
idw_k3_gauss,0.5354545592825941,0.7569551627499236,0.07086022653617208,0.699999988079071,0.4019087758553466,0.4919385091154067,1.0,0.9911032028469751,0.2290196120595355
idw_k6_gauss,0.5354545592825941,0.7569441426417962,0.07086022653617208,0.699999988079071,0.4019087758553466,0.49209572764254683,1.0,0.9911032028469751,0.22901963699320596
tps_gauss,0.5315761796792932,0.7507467287352269,0.06310610594700905,0.699999988079071,0.3922480213473464,0.6069763216464666,1.0,0.9986654804270463,0.22443331970237246
idw_k3_raw,0.5203454477951092,0.750550462161605,0.04064169313562116,0.699999988079071,0.39210351823936546,0.5607464527597795,1.0,0.9913256227758007,0.2280961790927773
idw_k6_raw,0.5203454477951092,0.7505475907249803,0.04064169313562116,0.699999988079071,0.39210351823936546,0.5607414170591887,1.0,0.9913256227758007,0.2280961790927773
tin_linear_raw,0.5203454477951092,0.7505527127470677,0.04064169313562116,0.699999988079071,0.39210351823936546,0.5607414170591887,1.0,0.9913256227758007,0.2280961790927773
tps_raw,0.5196817579028145,0.7434366719397625,0.0393377504824014,0.699999988079071,0.379653434672799,0.5908425068019525,1.0,0.9986654804270463,0.22375651226671966
