{
  "n_total": 33146,
  "n_cdw": 8941,
  "n_no_cdw": 24205,
  "cdw_ratio": 0.26974597236468956,
  "imbalance_ratio_no_to_cdw": 2.707191589307684
}