{
  "overall": {
    "mean": 0.0012351281475275755,
    "std": 0.006556864362210035,
    "min": 0.0,
    "max": 0.06499999761581421
  },
  "cdw": {
    "mean": 0.00158182333689183,
    "std": 0.0076058912090957165,
    "min": 0.0,
    "max": 0.06499999761581421
  },
  "no_cdw": {
    "mean": 0.0011070556938648224,
    "std": 0.0061195953749120235,
    "min": 0.0,
    "max": 0.06499999761581421
  },
  "nodata_fraction": {
    "mean": 0.8024875624987037,
    "p90": 0.94451904296875,
    "p95": 0.96282958984375,
    "n_tiles_gt_50pct": 33079
  }
}