method,auc_tile_max,auc_frac_above_15cm,j_tile_max,thr_tile_max,j_frac15,thr_frac15,cdw_detect_rate_15cm,no_false_high_rate_15cm,cohens_d_tile_max
tps_gauss,0.6317202481914606,0.5986844474300487,0.22098126147022523,1.295294584386489,0.16026900239151864,0.08317427111196582,1.0,0.9953291814946619,0.322455145542659
tps_raw,0.6317202481914606,0.5986844474300487,0.22098126147022523,1.295294584386489,0.16026900239151864,0.08317427111196582,1.0,0.9953291814946619,0.322455145542659
idw_k3_raw,0.6271457392226447,0.7081265381587541,0.2073658402723798,1.2928009033203125,0.3254076508730409,0.036897841341207153,1.0,0.972864768683274,0.32373669760929097
idw_k3_gauss,0.6271457392226447,0.7081265381587541,0.2073658402723798,1.2928009033203125,0.3254076508730409,0.036897841341207153,1.0,0.972864768683274,0.32373669760929097
idw_k6_raw,0.6195625855222476,0.7081758182197465,0.20604808368080307,1.2929534912109375,0.3244873942380046,0.036791443747491805,1.0,0.972864768683274,0.32377692967778143
idw_k6_gauss,0.6195625855222476,0.7081758182197465,0.20604808368080307,1.2929534912109375,0.3244873942380046,0.036791443747491805,1.0,0.972864768683274,0.32377692967778143
tin_linear_raw,0.6295178563002735,0.7048950078599757,0.20052654387058477,1.293243408203125,0.3172698442656945,0.04197345350074225,1.0,0.9788701067615658,0.3239900207631346
tin_linear_gauss,0.6295178563002735,0.7048950078599757,0.20052654387058477,1.293243408203125,0.3172698442656945,0.04197345350074225,1.0,0.9788701067615658,0.3239900207631346
baseline_idw3_drop13,0.6266596127627132,0.7237123857323436,0.20051319557059943,1.2954013347625732,0.36052190611240387,0.03514151304214795,1.0,0.9532918149466192,0.32457645297706117
