run,tin_gauss_auc_tile,tin_gauss_auc_frac15,tin_gauss_j_tile,tin_gauss_j_frac15,tin_gauss_no_false_high_15cm,best_non_baseline_method_by_j_frac15,best_non_baseline_j_frac15,best_non_baseline_auc_tile,best_non_baseline_no_false_high_15cm,pixels_compared,diff_pixels_gt_1e6,max_diff,mean_diff,mean_run,mean_orig
r0_baseline,0.5459812459489461,0.6694854602866346,0.1601985357846193,0.23854048446257886,0.9810943060498221,tin_linear_raw,0.2424647294454806,0.6303333443017038,0.9913256227758007,24033080,23918142,1.2999955415725708,0.04803929477930069,0.10841352492570877,0.14717160165309906
r1_sharp_negative,0.5920328032920013,0.6620991940110214,0.19466074209097706,0.2277159444512048,0.9897686832740213,tin_linear_raw,0.24232022633749972,0.6303333443017038,0.9913256227758007,24029539,24020740,1.4587123394012451,0.064005047082901,0.10171695053577423,0.1471932977437973
r2_low_hagcap,0.5593758769522664,0.649851042284931,0.16768041313919735,0.21148968890389974,0.9853202846975089,tin_linear_raw,0.2427290568277486,0.6158673570117689,0.9911032028469751,24029825,24022868,1.4340101480484009,0.06240875646471977,0.09040859341621399,0.14719153940677643
r3_low_hagcap_sharp,0.6224755415684687,0.6528738113804501,0.217836339908561,0.22446842723500204,0.9908807829181495,idw_k6_raw,0.24180880019271228,0.6233803545308476,0.9911032028469751,24028166,24018346,1.623415231704712,0.06922140717506409,0.08482163399457932,0.14720170199871063
