{
  "tile_id": "436646",
  "years": [
    2018
  ],
  "parameters": {
    "dem_resolution": 1.0,
    "hag_max": 0.7,
    "gaussian_sigma": 0.3,
    "chunk_size": 800000,
    "idw_k": 12,
    "idw_power": 2.0,
    "mad_factor": 2.5,
    "mad_floor": 0.15,
    "tps_neighbors": 64,
    "tps_smoothing": 0.05,
    "anchors": 936999,
    "tps_samples": 35000,
    "tps_impl": "RBFInterpolator",
    "point_sample_rate": 1.0
  },
  "paths": {
    "laz_dir": "data/lamapuit/laz",
    "labels_dir": "output/onboarding_labels_v2_drop13",
    "baseline_chm_dir": "data/lamapuit/chm_max_hag_13_drop",
    "out_dir": "experiments/dtm_hag_436646_reproduce_single_2018/improve_rounds_2026_04_15/r6_only_raw_gauss",
    "report_json": "experiments/dtm_hag_436646_reproduce_single_2018/improve_rounds_2026_04_15/r6_only_raw_gauss/experiment_report.json",
    "report_csv": "experiments/dtm_hag_436646_reproduce_single_2018/improve_rounds_2026_04_15/r6_only_raw_gauss/eval/method_summary.csv",
    "report_md": "experiments/dtm_hag_436646_reproduce_single_2018/improve_rounds_2026_04_15/r6_only_raw_gauss/experiment_report.md"
  },
  "csf_year_stats": {
    "2018": {
      "points_total": 32442204,
      "points_ground_class2": 17347992,
      "ground_ratio_pct": 53.47353095985711,
      "dem_valid_cells": 936999,
      "dem_valid_pct": 93.6999
    }
  },
  "harmonization_stats": {
    "years": [
      2018
    ],
    "mad_factor": 2.5,
    "floor_m": 0.15,
    "valid_cells": 936999,
    "valid_pct": 93.6999,
    "median_mad": 0.0,
    "p95_mad": 0.0
  },
  "dtm_stats": {
    "idw_k3": {
      "count": 1000000,
      "min": 106.70999908447266,
      "max": 171.63999938964844,
      "mean": 128.8961944580078,
      "std": 8.582801818847656,
      "p50": 129.72000122070312,
      "p90": 136.6300048828125,
      "p95": 142.35000610351562,
      "p99": 160.80999755859375
    },
    "idw_k6": {
      "count": 1000000,
      "min": 106.70999908447266,
      "max": 171.63999938964844,
      "mean": 128.8958740234375,
      "std": 8.582411766052246,
      "p50": 129.72000122070312,
      "p90": 136.6300048828125,
      "p95": 142.35000610351562,
      "p99": 160.80999755859375
    },
    "tin_linear": {
      "count": 1000000,
      "min": 106.70999908447266,
      "max": 171.63999938964844,
      "mean": 128.89688110351562,
      "std": 8.583009719848633,
      "p50": 129.72000122070312,
      "p90": 136.6300048828125,
      "p95": 142.35000610351562,
      "p99": 160.80999755859375
    },
    "tps": {
      "count": 1000000,
      "min": 115.53181457519531,
      "max": 169.5905303955078,
      "mean": 128.89356994628906,
      "std": 8.579298973083496,
      "p50": 129.72470092773438,
      "p90": 136.62173461914062,
      "p95": 142.34742736816406,
      "p99": 160.81068420410156
    },
    "harmonized_dem": {
      "count": 936999,
      "min": 106.70999908447266,
      "max": 171.63999938964844,
      "mean": 128.8092041015625,
      "std": 8.669402122497559,
      "p50": 129.5500030517578,
      "p90": 136.7899932861328,
      "p95": 142.49000549316406,
      "p99": 161.22000122070312
    }
  },
  "dtm_ground_fit": {
    "idw_k3": {
      "n_samples": 60000,
      "mean_residual": 0.09005541698481832,
      "median_residual": 0.06502378804751885,
      "rmse": 0.12912779015122816,
      "mae": 0.09038759563961642,
      "p95_abs_residual": 0.24886955392387772
    },
    "idw_k6": {
      "n_samples": 60000,
      "mean_residual": 0.08993171070911482,
      "median_residual": 0.06523694015857018,
      "rmse": 0.12955383268394172,
      "mae": 0.09051160815806318,
      "p95_abs_residual": 0.24797667171045878
    },
    "tin_linear": {
      "n_samples": 60000,
      "mean_residual": 0.09007722666511836,
      "median_residual": 0.06580070499639135,
      "rmse": 0.128518066215812,
      "mae": 0.09050634403436073,
      "p95_abs_residual": 0.24459812918632337
    },
    "tps": {
      "n_samples": 60000,
      "mean_residual": 0.08790973715977188,
      "median_residual": 0.0676815405729485,
      "rmse": 0.19498429022042507,
      "mae": 0.12021651929465972,
      "p95_abs_residual": 0.3563419763252741
    }
  },
  "raster_stats": {
    "harmonized_dem_raw": {
      "2018": {
        "count": 15740169,
        "min": -0.3499908447265625,
        "max": 0.699999988079071,
        "mean": 0.32686594128608704,
        "std": 0.3078274428844452,
        "p50": 0.1300048828125,
        "p90": 0.699999988079071,
        "p95": 0.699999988079071,
        "p99": 0.699999988079071
      }
    },
    "harmonized_dem_gauss": {
      "2018": {
        "count": 22685587,
        "min": -0.3499908745288849,
        "max": 0.699999988079071,
        "mean": 0.30606022477149963,
        "std": 0.2944401502609253,
        "p50": 0.1248677521944046,
        "p90": 0.699999988079071,
        "p95": 0.699999988079071,
        "p99": 0.699999988079071
      }
    },
    "baseline_idw3_drop13": {
      "2018": {
        "count": 8644327,
        "min": 0.0,
        "max": 1.2999999523162842,
        "mean": 0.0407303124666214,
        "std": 0.18052512407302856,
        "p50": 2.631196593938512e-09,
        "p90": 0.03516247496008873,
        "p95": 0.13379958271980286,
        "p99": 1.149999976158142
      }
    }
  },
  "evaluation_per_year": {
    "harmonized_dem_raw": {
      "2018": {
        "n_tiles": 5929,
        "n_cdw": 1433,
        "n_no_cdw": 4496,
        "cdw_tile_max_mean": 0.699649399048951,
        "no_tile_max_mean": 0.6806160157606058,
        "cdw_detect_rate_15cm": 1.0,
        "no_false_high_rate_15cm": 0.9913256227758007,
        "best_youden_tile_max": {
          "threshold": 0.699999988079071,
          "tpr": 0.9986043265875785,
          "fpr": 0.9579626334519573,
          "precision": 0.24939003136981527,
          "f1": 0.39910751638544134,
          "youden_j": 0.04064169313562116,
          "tp": 1431,
          "fp": 4307,
          "tn": 189,
          "fn": 2
        },
        "best_youden_frac_above_15cm": {
          "threshold": 0.4806487305915744,
          "tpr": 0.771109560362875,
          "fpr": 0.36476868327402134,
          "precision": 0.40255009107468126,
          "f1": 0.5289612254667305,
          "youden_j": 0.4063408770888537,
          "tp": 1105,
          "fp": 1640,
          "tn": 2856,
          "fn": 328
        },
        "auc_tile_max": 0.5203454477951092,
        "auc_frac_above_15cm": 0.749417486397151,
        "cohens_d_tile_max": 0.2280961790927773,
        "cohens_d_frac_above_15cm": 0.9436021411248342
      }
    },
    "harmonized_dem_gauss": {
      "2018": {
        "n_tiles": 5929,
        "n_cdw": 1433,
        "n_no_cdw": 4496,
        "cdw_tile_max_mean": 0.6996474413088128,
        "no_tile_max_mean": 0.6805154591652952,
        "cdw_detect_rate_15cm": 1.0,
        "no_false_high_rate_15cm": 0.9911032028469751,
        "best_youden_tile_max": {
          "threshold": 0.699999988079071,
          "tpr": 0.9979064898813678,
          "fpr": 0.9270462633451957,
          "precision": 0.2554483744194355,
          "f1": 0.40677001848954636,
          "youden_j": 0.07086022653617208,
          "tp": 1430,
          "fp": 4168,
          "tn": 328,
          "fn": 3
        },
        "best_youden_frac_above_15cm": {
          "threshold": 0.4771510188180887,
          "tpr": 0.7780879274249826,
          "fpr": 0.3625444839857651,
          "precision": 0.40619307832422585,
          "f1": 0.533748204882719,
          "youden_j": 0.41554344343921745,
          "tp": 1115,
          "fp": 1630,
          "tn": 2866,
          "fn": 318
        },
        "auc_tile_max": 0.5354545592825941,
        "auc_frac_above_15cm": 0.7556189358362742,
        "cohens_d_tile_max": 0.22901963699320596,
        "cohens_d_frac_above_15cm": 0.9725682880339697
      }
    },
    "baseline_idw3_drop13": {
      "2018": {
        "n_tiles": 5929,
        "n_cdw": 1433,
        "n_no_cdw": 4496,
        "cdw_tile_max_mean": 1.2937676584853712,