method,auc_tile_max,auc_frac_above_15cm,j_tile_max,thr_tile_max,j_frac15,thr_frac15,cdw_detect_rate_15cm,no_false_high_rate_15cm,cohens_d_tile_max
baseline_idw3_drop13,0.6266596127627132,0.7237123857323436,0.20051319557059943,1.2954013347625732,0.36052190611240387,0.03514151304214795,1.0,0.9532918149466192,0.32457645297706117
harmonized_dem_gauss,0.5354545592825941,0.7556189358362742,0.07086022653617208,0.699999988079071,0.41554344343921745,0.4771510188180887,1.0,0.9911032028469751,0.22901963699320596
harmonized_dem_raw,0.5203454477951092,0.749417486397151,0.04064169313562116,0.699999988079071,0.4063408770888537,0.4806487305915744,1.0,0.9913256227758007,0.2280961790927773
