method,auc_tile_max,auc_frac_above_15cm,j_tile_max,thr_tile_max,j_frac15,thr_frac15,cdw_detect_rate_15cm,no_false_high_rate_15cm,cohens_d_tile_max
harmonized_dem_gauss,0.6283362213259891,0.6683563648419437,0.21554353656689174,1.2883062362670898,0.24086386472398202,0.13026913876472954,1.0,0.9911032028469751,0.3347215722651131
harmonized_dem_raw,0.6365787965669414,0.6701330856551098,0.20795363111010667,1.2956008911132812,0.24980210369207767,0.1209978838734156,1.0,0.9913256227758007,0.33205837872193467
baseline_idw3_drop13,0.6266596127627132,0.7237123857323436,0.20051319557059943,1.2954013347625732,0.36052190611240387,0.03514151304214795,1.0,0.9532918149466192,0.32457645297706117
