method,auc_tile_max,auc_frac_above_15cm,j_tile_max,thr_tile_max,j_frac15,thr_frac15,cdw_detect_rate_15cm,no_false_high_rate_15cm,cohens_d_tile_max
idw_k3_raw,0.6299063539149633,0.7034647996016619,0.23791280393768643,1.2949986715877757,0.31252405798253174,0.015843964490352653,1.0,0.9524021352313167,0.32382836374748925
idw_k3_gauss,0.6299063539149633,0.7034647996016619,0.23791280393768643,1.2949986715877757,0.31252405798253174,0.015843964490352653,1.0,0.9524021352313167,0.32382836374748925
idw_k6_raw,0.6277360910714153,0.7065269151395798,0.217836339908561,1.2935198974609374,0.31830992517501794,0.01737012014818334,1.0,0.9524021352313167,0.3234491430159651
idw_k6_gauss,0.6277360910714153,0.7065269151395798,0.217836339908561,1.2935198974609374,0.31830992517501794,0.01737012014818334,1.0,0.9524021352313167,0.3234491430159651
tps_raw,0.6254726229471557,0.6098553447834844,0.21487782890832008,1.2923812866210938,0.16961607184986327,0.06237320012853205,1.0,0.9866548042704626,0.3295864246721732
tps_gauss,0.6254726229471557,0.6098553447834844,0.21487782890832008,1.2923812866210938,0.16961607184986327,0.06237320012853205,1.0,0.9866548042704626,0.3295864246721732
baseline_idw3_drop13,0.6266596127627132,0.7237123857323436,0.20051319557059943,1.2954013347625732,0.36052190611240387,0.03514151304214795,1.0,0.9532918149466192,0.32457645297706117
tin_linear_raw,0.6236220208456986,0.7291851887263363,0.19138854604108047,1.2959188124712775,0.3577611362072947,0.024716366880391392,1.0,0.9619661921708185,0.32184284819239695
tin_linear_gauss,0.6236220208456986,0.7291851887263363,0.19138854604108047,1.2959188124712775,0.3577611362072947,0.024716366880391392,1.0,0.9619661921708185,0.32184284819239695
