method,auc_tile_max,auc_frac_above_15cm,j_tile_max,thr_tile_max,j_frac15,thr_frac15,cdw_detect_rate_15cm,no_false_high_rate_15cm,cohens_d_tile_max
harmonized_dem_gauss,0.6495555947381623,0.7047218679921425,0.2298701427709332,1.2872485550712136,0.3144843955268915,0.053303733396466005,1.0,0.9817615658362989,0.33887765969827854
harmonized_dem_raw,0.6473144772557385,0.7097873150173962,0.22779339563367795,1.2944488525390625,0.32903931974579864,0.056433128846960785,1.0,0.9822064056939501,0.33556573358703934
baseline_idw3_drop13,0.6266596127627132,0.7237123857323436,0.20051319557059943,1.2954013347625732,0.36052190611240387,0.03514151304214795,1.0,0.9532918149466192,0.32457645297706117
