{
  "old_path": "tmp/method_compare/old_401675_2022_madal_chm_20cm.tif",
  "new_path": "tmp/method_compare/401675_2022_madal_chm_max_hag_20cm.tif",
  "aligned_same_grid": true,
  "old_stats": {
    "count": 10568068,
    "min": 0.0,
    "max": 1.2999999523162842,
    "mean": 0.7641937136650085,
    "std": 0.6345964670181274,
    "p95": 1.2999999523162842,
    "p99": 1.2999999523162842
  },
  "new_stats": {
    "count": 10568068,
    "min": 0.0,
    "max": 1.2999999523162842,
    "mean": 0.7641937136650085,
    "std": 0.6345964670181274,
    "p95": 1.2999999523162842,
    "p99": 1.2999999523162842
  },
  "old_tags": {
    "AREA_OR_POINT": "Area"
  },
  "new_tags": {
    "HAG_MAX": "1.3",
    "PROC_DATE": "2026-03-23T19:11:50.411585Z",
    "RESOLUTION": "0.2",
    "SOURCE_LAZ": "401675_2022_madal.laz"
  },
  "pixel_comparison": {
    "overlap_pixels": 10568068,
    "mean_abs_diff": 0.0,
    "max_abs_diff": 0.0,
    "corr": 0.9999999999999998
  },
  "normalization_comparison": {
    "tile_offsets": {
      "row_off": 64,
      "col_off": 3008,
      "chunk_size": 128
    },
    "old_fixed_mean": 0.5378926992416382,
    "new_fixed_mean": 0.5378926992416382,
    "old_p2p98_mean": 0.5378926992416382,
    "new_p2p98_mean": 0.5378926992416382,
    "old_fixed_vs_p2p98_mae": 0.0,
    "new_fixed_vs_p2p98_mae": 0.0
  }
}