experiment_id,model_name,data_strategy,loss_name,regularization,epochs,batch_size,lr_head,lr_backbone,label_smoothing,patience,seed,use_tta,n_samples,mean_cv_auc,std_cv_auc,mean_cv_f1,std_cv_f1,mean_cv_precision,mean_cv_recall,best_fold_f1,worst_fold_f1,mean_threshold,training_time_s
s1_convnext_small_full_ce_mixup_40_5_3b1439db,convnext_small,full,ce,mixup,40,32,0.0005,5e-05,0.05,10,2027,False,32415,0.9987268229968785,0.0006957304185226138,0.9881644777969235,0.0031456173323006465,0.9906925547236224,0.9856538354251485,0.9935175707949505,0.9844128853481122,0.8579999999999999,24663.21947316
s1_efficientnet_b2_full_ce_mixup_40_5_7a5bb15c,efficientnet_b2,full,ce,mixup,40,32,0.0005,5e-05,0.05,10,2030,False,32415,0.9989819344498366,0.0003646191127786334,0.9830078371006017,0.003564485210382468,0.989446631700346,0.9766614193090467,0.9879253567508233,0.9771784232365145,0.752,10995.368331231002
