metric,mean,std,min,max
mAP50,0.17356666666666665,0.11895419300442221,0.03943,0.26624
mAP50-95,0.06798,0.05455779779279951,0.01109,0.11986
precision,0.31894,0.2733316580639718,0.00333,0.47846
recall,0.23873999999999998,0.04343998043277644,0.18919,0.27027
overfitting,70.53799040426098,28.704786823216665,40.04281850961538,97.03271620593458
