epoch,mAP50,mAP50-95,precision,recall,final_mAP50,overfitting,run,run_name
126,0.26624,0.11986,0.47846,0.27027,0.15963,40.04281850961538,1,cdw_multirun_run1_seed7271
12,0.03943,0.01109,0.00333,0.18919,0.00117,97.03271620593458,2,cdw_multirun_run2_seed861
80,0.21503,0.07299,0.47503,0.25676,0.05475,74.53843649723295,3,cdw_multirun_run3_seed5391
