model_source,model_experiment_id,model_name,mean_f1,mean_auc,mean_precision,mean_recall,mean_accuracy,n_chms
v3,s1_convnext_small_full_ce_mixup_40_5_3b1439db,convnext_small,0.3822135477154723,0.9055707677850267,0.68343148601746,0.3286029826506399,0.8674369224000718,380
v2,s2_convnext_small_full_focal_mixup_tta_0_ep_60_focused_3e06b9c6,convnext_small,0.33336655285482075,0.8779879840189115,0.5184736281935766,0.3026322677999507,0.8693304166699081,380
v3,s1_efficientnet_b2_full_ce_mixup_40_5_7a5bb15c,efficientnet_b2,0.31599044534084253,0.8411878974935871,0.5450643451536727,0.2744284144396468,0.8610200696446155,380
v2,s2_convnext_tiny_full_ce_mixup_tta_1_ep_60_focused_3fb56d79,convnext_tiny,0.2683745233217168,0.84410015643843,0.44877235869939097,0.22672614300903773,0.8584655444311877,380
v2,s2_convnext_small_full_ce_mixup_swa_tta_0_ep_60_focused_df4d4976,convnext_small,0.23442741824215554,0.8022828645078935,0.434086304105142,0.2003279748706578,0.8580502077335019,380
