dem_resolution_m,elapsed_seconds,best_method,harm_raw_auc_tile_max,harm_raw_j_tile_max,harm_raw_cdw_detect_rate_15cm,harm_raw_no_false_high_rate_15cm,harm_gauss_auc_tile_max,harm_gauss_j_tile_max,baseline_auc_tile_max,baseline_j_tile_max
1.0,14.241853713989258,baseline_idw3_drop13,0.6365787965669414,0.20795363111010667,1.0,0.9913256227758007,0.6283362213259891,0.21554353656689174,0.6266596127627132,0.20051319557059943
0.6,31.93443250656128,harmonized_dem_raw,0.6473144772557385,0.22779339563367795,1.0,0.9822064056939501,0.6495555947381623,0.2298701427709332,0.6266596127627132,0.20051319557059943
0.2,147.84212279319763,baseline_idw3_drop13,0.639938687843486,0.20739098474444528,1.0,0.9555160142348754,0.6363006552463165,0.22557121411169856,0.6266596127627132,0.20051319557059943
