{
  "min": 0.0,
  "max": 2.0,
  "mean": 0.7020967602729797,
  "std": 0.9395542144775391,
  "valid_count": 83681431,
  "total_count": 125000000,
  "method": "p2p98",
  "p2": 0.0,
  "p98": 2.0,
  "clahe": false,
  "dtype": "float32",
  "width": 25000,
  "height": 5000,
  "crs": "None",
  "transform": [
    657000.0,
    0.2,
    0.0,
    6474999.99,
    0.0,
    -0.2
  ]
}