{
  "tile_id": "436646",
  "years": [
    2018
  ],
  "parameters": {
    "dem_resolution": 0.6,
    "hag_max": 1.3,
    "gaussian_sigma": 0.3,
    "chunk_size": 800000,
    "idw_k": 12,
    "idw_power": 2.0,
    "mad_factor": 2.5,
    "mad_floor": 0.15,
    "tps_neighbors": 64,
    "tps_smoothing": 0.05,
    "anchors": 2520003,
    "tps_samples": 35000,
    "tps_impl": "RBFInterpolator",
    "point_sample_rate": 1.0
  },
  "paths": {
    "laz_dir": "data/lamapuit/laz",
    "labels_dir": "output/onboarding_labels_v2_drop13",
    "baseline_chm_dir": "data/lamapuit/chm_max_hag_13_drop",
    "out_dir": "experiments/dtm_hag_436646_reproduce_single_2018/dem_resolution_fasttest_2018_436646/r0p6",
    "report_json": "experiments/dtm_hag_436646_reproduce_single_2018/dem_resolution_fasttest_2018_436646/r0p6/experiment_report.json",
    "report_csv": "experiments/dtm_hag_436646_reproduce_single_2018/dem_resolution_fasttest_2018_436646/r0p6/eval/method_summary.csv",
    "report_md": "experiments/dtm_hag_436646_reproduce_single_2018/dem_resolution_fasttest_2018_436646/r0p6/experiment_report.md"
  },
  "csf_year_stats": {
    "2018": {
      "points_total": 32442204,
      "points_ground_class2": 17347992,
      "ground_ratio_pct": 53.47353095985711,
      "dem_valid_cells": 2520003,
      "dem_valid_pct": 90.5751298241982
    }
  },
  "harmonization_stats": {
    "years": [
      2018
    ],
    "mad_factor": 2.5,
    "floor_m": 0.15,
    "valid_cells": 2520003,
    "valid_pct": 90.5751298241982,
    "median_mad": 0.0,
    "p95_mad": 0.0
  },
  "dtm_stats": {
    "idw_k3": {
      "count": 2782224,
      "min": 106.70999908447266,
      "max": 172.7100067138672,
      "mean": 128.9349822998047,
      "std": 8.589204788208008,
      "p50": 129.75,
      "p90": 136.67999267578125,
      "p95": 142.38999938964844,
      "p99": 160.89999389648438
    },
    "idw_k6": {
      "count": 2782224,
      "min": 106.70999908447266,
      "max": 172.7100067138672,
      "mean": 128.93463134765625,
      "std": 8.58884048461914,
      "p50": 129.75,
      "p90": 136.67999267578125,
      "p95": 142.38999938964844,
      "p99": 160.89999389648438
    },
    "tin_linear": {
      "count": 2782224,
      "min": 106.70999908447266,
      "max": 172.60000610351562,
      "mean": 128.93582153320312,
      "std": 8.589017868041992,
      "p50": 129.7566680908203,
      "p90": 136.68333435058594,
      "p95": 142.38999938964844,
      "p99": 160.89999389648438
    },
    "tps": {
      "count": 2782224,
      "min": 115.2801513671875,
      "max": 169.78460693359375,
      "mean": 128.9321746826172,
      "std": 8.589204788208008,
      "p50": 129.75531005859375,
      "p90": 136.68399047851562,
      "p95": 142.38076782226562,
      "p99": 160.92970275878906
    },
    "harmonized_dem": {
      "count": 2520003,
      "min": 106.70999908447266,
      "max": 172.7100067138672,
      "mean": 128.8594512939453,
      "std": 8.679764747619629,
      "p50": 129.6199951171875,
      "p90": 136.80999755859375,
      "p95": 142.5399932861328,
      "p99": 161.39999389648438
    }
  },
  "dtm_ground_fit": {
    "idw_k3": {
      "n_samples": 60000,
      "mean_residual": 0.05134750965785376,
      "median_residual": 0.03677226287365443,
      "rmse": 0.07953146121796364,
      "mae": 0.05233165471961859,
      "p95_abs_residual": 0.1505166105597638
    },
    "idw_k6": {
      "n_samples": 60000,
      "mean_residual": 0.05109999056475344,
      "median_residual": 0.03680077686558292,
      "rmse": 0.07962144801145372,
      "mae": 0.05245956116618668,
      "p95_abs_residual": 0.14995605344574367
    },
    "tin_linear": {
      "n_samples": 60000,
      "mean_residual": 0.050884454860141586,
      "median_residual": 0.037082386010943935,
      "rmse": 0.08976073363184524,
      "mae": 0.05452816266011769,
      "p95_abs_residual": 0.15449850082784802
    },
    "tps": {
      "n_samples": 60000,
      "mean_residual": 0.04888915751641225,
      "median_residual": 0.038519900874064206,
      "rmse": 0.17513678146538447,
      "mae": 0.10020025575817323,
      "p95_abs_residual": 0.3209027896261421
    }
  },
  "raster_stats": {
    "harmonized_dem_raw": {
      "2018": {
        "count": 12398580,
        "min": 0.0,
        "max": 1.2999954223632812,
        "mean": 0.06893184781074524,
        "std": 0.1315285563468933,
        "p50": 0.04000091552734375,
        "p90": 0.122222900390625,
        "p95": 0.176666259765625,
        "p99": 0.9444503784179688
      }
    },
    "harmonized_dem_gauss": {
      "2018": {
        "count": 21713994,
        "min": 0.0,
        "max": 1.2999954223632812,
        "mean": 0.06985054165124893,
        "std": 0.12774433195590973,
        "p50": 0.0400085486471653,
        "p90": 0.12252648174762726,
        "p95": 0.18303854763507843,
        "p99": 0.8187468647956848
      }
    },
    "baseline_idw3_drop13": {
      "2018": {
        "count": 8644327,
        "min": 0.0,
        "max": 1.2999999523162842,
        "mean": 0.0407303124666214,
        "std": 0.18052512407302856,
        "p50": 2.631196593938512e-09,
        "p90": 0.03516247496008873,
        "p95": 0.13379958271980286,
        "p99": 1.149999976158142
      }
    }
  },
  "evaluation_per_year": {
    "harmonized_dem_raw": {
      "2018": {
        "n_tiles": 5929,
        "n_cdw": 1433,
        "n_no_cdw": 4496,
        "cdw_tile_max_mean": 1.2926204226188367,
        "no_tile_max_mean": 1.2172160640730127,
        "cdw_detect_rate_15cm": 1.0,
        "no_false_high_rate_15cm": 0.9822064056939501,
        "best_youden_tile_max": {
          "threshold": 1.2944488525390625,
          "tpr": 0.7571528262386602,
          "fpr": 0.5293594306049823,
          "precision": 0.31313131313131315,
          "f1": 0.44303797468354433,
          "youden_j": 0.22779339563367795,
          "tp": 1085,
          "fp": 2380,
          "tn": 2116,
          "fn": 348
        },
        "best_youden_frac_above_15cm": {
          "threshold": 0.056433128846960785,
          "tpr": 0.7124912770411723,
          "fpr": 0.3834519572953737,
          "precision": 0.37194899817850635,
          "f1": 0.4887505983724269,
          "youden_j": 0.32903931974579864,
          "tp": 1021,
          "fp": 1724,
          "tn": 2772,
          "fn": 412
        },
        "auc_tile_max": 0.6473144772557385,
        "auc_frac_above_15cm": 0.7097873150173962,
        "cohens_d_tile_max": 0.33556573358703934,
        "cohens_d_frac_above_15cm": 0.5691559291645878
      }
    },
    "harmonized_dem_gauss": {
      "2018": {
        "n_tiles": 5929,
        "n_cdw": 1433,
        "n_no_cdw": 4496,
        "cdw_tile_max_mean": 1.2873524835870054,
        "no_tile_max_mean": 1.2115456924667694,
        "cdw_detect_rate_15cm": 1.0,
        "no_false_high_rate_15cm": 0.9817615658362989,
        "best_youden_tile_max": {
          "threshold": 1.2872485550712136,
          "tpr": 0.7690160502442428,
          "fpr": 0.5391459074733096,
          "precision": 0.31253545093590474,
          "f1": 0.4444444444444445,
          "youden_j": 0.2298701427709332,
          "tp": 1102,
          "fp": 2424,
          "tn": 2072,
          "fn": 331
        },
        "best_youden_frac_above_15cm": {
          "threshold": 0.053303733396466005,
          "tpr": 0.7508722958827634,
          "fpr": 0.4363879003558719,
          "precision": 0.35418038183015144,
          "f1": 0.48132408857078957,
          "youden_j": 0.3144843955268915,
          "tp": 1076,
          "fp": 1962,
          "tn": 2534,
          "fn": 357
        },
        "auc_tile_max": 0.6495555947381623,
        "auc_frac_above_15cm": 0.7047218679921425,
        "cohens_d_tile_max": 0.33887765969827854,
        "cohens_d_frac_above_15cm": 0.5656546456788603
      }
    },
    "baseline_idw3_drop13": {
      "2018": {
        "n_tiles": 5929,
        "n_cdw": 1433,
        "n_no_cdw": 4496,
        "cdw_tile_max_mean": 1.2937676584853712,