{
  "input_laz": "data/lamapuit/laz/436646_2024_madal.laz",
  "labels": "output/onboarding_labels_v2_drop13/436646_2024_madal_chm_max_hag_20cm_labels.csv",
  "methods": [
    {
      "name": "class2_idw_baseline",
      "chm": "tmp/ground_method_study_436646/chm/436646_2024_madal_class2_idw_chm_max_hag_20cm.tif",
      "notes": "Existing LAS class 2 ground points + IDW interpolation."
    },
    {
      "name": "smrf_idw",
      "chm": "tmp/ground_method_study_436646/chm/436646_2024_madal_smrf_idw_chm_max_hag_20cm.tif",
      "notes": "PDAL SMRF ground reclassification, then same IDW CHM logic."
    },
    {
      "name": "csf_idw",
      "chm": "tmp/ground_method_study_436646/chm/436646_2024_madal_csf_idw_chm_max_hag_20cm.tif",
      "notes": "PDAL CSF ground reclassification, then same IDW CHM logic."
    },
    {
      "name": "allpoints_surface",
      "chm": "tmp/ground_method_study_436646/chm/436646_2024_madal_allpoints_surface_chm_max_hag_20cm.tif",
      "notes": "No class tags: coarse minimum surface + morphological opening + smoothing, then max-HAG rasterization."
    }
  ],
  "raster_stats": {
    "class2_idw_baseline": {
      "count": 18434364,
      "min": 0.0,
      "max": 1.2999999523162842,
      "mean": 0.7694681882858276,
      "std": 0.6282770037651062,
      "p50": 1.2999999523162842,
      "p90": 1.2999999523162842,
      "p95": 1.2999999523162842,
      "p99": 1.2999999523162842
    },
    "smrf_idw": {
      "count": 18434364,
      "min": 0.0,
      "max": 1.2999999523162842,
      "mean": 0.7591851949691772,
      "std": 0.6363879442214966,
      "p50": 1.2999999523162842,
      "p90": 1.2999999523162842,
      "p95": 1.2999999523162842,
      "p99": 1.2999999523162842
    },
    "csf_idw": {
      "count": 18434364,
      "min": 0.0,
      "max": 1.2999999523162842,
      "mean": 0.7613499760627747,
      "std": 0.6358346939086914,
      "p50": 1.2999999523162842,
      "p90": 1.2999999523162842,
      "p95": 1.2999999523162842,
      "p99": 1.2999999523162842
    },
    "allpoints_surface": {
      "count": 18434364,
      "min": 0.0,
      "max": 1.2999999523162842,
      "mean": 0.8052651882171631,
      "std": 0.5839194059371948,
      "p50": 1.2999999523162842,
      "p90": 1.2999999523162842,
      "p95": 1.2999999523162842,
      "p99": 1.2999999523162842
    }
  },
  "evaluation": {
    "class2_idw_baseline": {
      "n_tiles": 5245,
      "n_cdw": 1134,
      "n_no_cdw": 4111,
      "cdw_tile_max_mean": 1.2999999523162842,
      "no_tile_max_mean": 1.2559273415604189,
      "cdw_detect_rate_15cm": 1.0,
      "no_false_high_rate_15cm": 0.9776210167842374,
      "best_youden_tile_max": {
        "threshold": 1.2999999523162842,
        "tpr": 1.0,
        "fpr": 0.9603502797372901,
        "precision": 0.2231404958677686,
        "f1": 0.3648648648648649,
        "youden_j": 0.03964972026270985,
        "tp": 1134,
        "fp": 3948,
        "tn": 163,
        "fn": 0
      },
      "best_youden_frac_above_15cm": {
        "threshold": 0.732938079820806,
        "tpr": 0.7645502645502645,
        "fpr": 0.30625152031135977,
        "precision": 0.40780809031044213,
        "f1": 0.5319018404907976,
        "youden_j": 0.45829874423890476,
        "tp": 867,
        "fp": 1259,
        "tn": 2852,
        "fn": 267
      }
    },
    "smrf_idw": {
      "n_tiles": 5245,
      "n_cdw": 1134,
      "n_no_cdw": 4111,
      "cdw_tile_max_mean": 1.2999999523162842,
      "no_tile_max_mean": 1.2513490876615216,
      "cdw_detect_rate_15cm": 1.0,
      "no_false_high_rate_15cm": 0.9620530284602287,
      "best_youden_tile_max": {
        "threshold": 1.2999999523162842,
        "tpr": 1.0,
        "fpr": 0.9605935295548529,
        "precision": 0.22309659649813102,
        "f1": 0.364806176612514,
        "youden_j": 0.03940647044514711,
        "tp": 1134,
        "fp": 3949,
        "tn": 162,
        "fn": 0
      },
      "best_youden_frac_above_15cm": {
        "threshold": 0.7223461123065383,
        "tpr": 0.7566137566137566,
        "fpr": 0.29798102651423014,
        "precision": 0.4119059049447912,
        "f1": 0.533416226297793,
        "youden_j": 0.4586327300995265,
        "tp": 858,
        "fp": 1225,
        "tn": 2886,
        "fn": 276
      }
    },
    "csf_idw": {
      "n_tiles": 5245,
      "n_cdw": 1134,
      "n_no_cdw": 4111,
      "cdw_tile_max_mean": 1.2999999523162842,
      "no_tile_max_mean": 1.2515585780035507,
      "cdw_detect_rate_15cm": 1.0,
      "no_false_high_rate_15cm": 0.9627827779129166,
      "best_youden_tile_max": {
        "threshold": 1.2999999523162842,
        "tpr": 1.0,
        "fpr": 0.9605935295548529,
        "precision": 0.22309659649813102,
        "f1": 0.364806176612514,
        "youden_j": 0.03940647044514711,
        "tp": 1134,
        "fp": 3949,
        "tn": 162,
        "fn": 0
      },
      "best_youden_frac_above_15cm": {
        "threshold": 0.7097908438204475,
        "tpr": 0.7619047619047619,
        "fpr": 0.30698126976404766,
        "precision": 0.4063969896519285,
        "f1": 0.5300613496932516,
        "youden_j": 0.4549234921407142,
        "tp": 864,
        "fp": 1262,
        "tn": 2849,
        "fn": 270
      }
    },
    "allpoints_surface": {
      "n_tiles": 5245,
      "n_cdw": 1134,
      "n_no_cdw": 4111,
      "cdw_tile_max_mean": 1.2999999523162842,
      "no_tile_max_mean": 1.2628841585568256,
      "cdw_detect_rate_15cm": 1.0,
      "no_false_high_rate_15cm": 0.9968377523716857,
      "best_youden_tile_max": {
        "threshold": 1.2999999523162842,
        "tpr": 1.0,
        "fpr": 0.9615665288251034,
        "precision": 0.22292117161391783,
        "f1": 0.3645716122809838,
        "youden_j": 0.038433471174896594,
        "tp": 1134,
        "fp": 3953,
        "tn": 158,
        "fn": 0
      },
      "best_youden_frac_above_15cm": {
        "threshold": 0.8597389860326119,
        "tpr": 0.7425044091710759,
        "fpr": 0.2807102894672829,
        "precision": 0.4218436873747495,
        "f1": 0.5380191693290735,
        "youden_j": 0.46179411970379297,
        "tp": 842,
        "fp": 1154,
        "tn": 2957,
        "fn": 292
      }
    }
  },
  "best_method": "smrf_idw"
}