method,auc_tile_max,auc_frac_above_15cm,j_tile_max,thr_tile_max,j_frac15,thr_frac15,cdw_detect_rate_15cm,no_false_high_rate_15cm,cohens_d_tile_max
tps_raw,0.6259071411542368,0.6329452651406973,0.21711972245469646,1.295684814453125,0.18824005458523413,0.22050704122474768,1.0,0.9986654804270463,0.3214168899173816
tin_linear_raw,0.6303333443017038,0.6664169810243051,0.20255144993580398,1.295255091050092,0.24232022633749972,0.11225449786382168,1.0,0.9913256227758007,0.3273694225922657
idw_k6_raw,0.6290307209572035,0.6665007959311898,0.20140877337194196,1.29547119140625,0.24151979397675033,0.121162921089086,1.0,0.9913256227758007,0.32720303479671264
idw_k3_raw,0.6267493257556379,0.666499088590494,0.20053787440429338,1.2934646606445312,0.24151979397675033,0.12126166959638177,1.0,0.9913256227758007,0.327222150512194
baseline_idw3_drop13,0.6266596127627132,0.7237123857323436,0.20051319557059943,1.2954013347625732,0.36052190611240387,0.03514151304214795,1.0,0.9532918149466192,0.32457645297706117
idw_k6_gauss,0.5492481647639648,0.668403549530264,0.16770509197289107,0.8113348227388718,0.23762022782754239,0.17552398366185779,1.0,0.9806494661921709,0.3517885750750513
tin_linear_gauss,0.5452532203549778,0.6681607967258794,0.16678483533785482,0.8114606501074398,0.23647755126368047,0.1754150390625,1.0,0.9806494661921709,0.3468514797526902
idw_k3_gauss,0.5492428099226916,0.6684411886319669,0.16494432206778198,0.8129341138110442,0.23669997119250608,0.17541787152719254,1.0,0.9806494661921709,0.35110956742548055
tps_gauss,0.535876350040852,0.6490600002980086,0.14911944679678046,0.8869017362594604,0.21228655137046681,0.261720133800736,1.0,0.994661921708185,0.30481114635868883
