method,auc_tile_max,auc_frac_above_15cm,j_tile_max,thr_tile_max,j_frac15,thr_frac15,cdw_detect_rate_15cm,no_false_high_rate_15cm,cohens_d_tile_max
tin_linear_raw,0.6158673570117689,0.6596282063858268,0.20924826099589489,0.8839874267578125,0.2427290568277486,0.10557918058797819,1.0,0.9911032028469751,0.4078774591080333
idw_k3_raw,0.6163425409699682,0.6597085290049246,0.2091091903355825,0.883209228515625,0.24180880019271228,0.10558946350994865,1.0,0.9911032028469751,0.4082442541963391
idw_k6_raw,0.6126171235717319,0.6597207908153763,0.20863377355819734,0.8835916137695312,0.2427290568277486,0.10558087822748562,1.0,0.9911032028469751,0.40790134805036726
baseline_idw3_drop13,0.6266596127627132,0.7237123857323436,0.20051319557059943,1.2954013347625732,0.36052190611240387,0.03514151304214795,1.0,0.9532918149466192,0.32457645297706117
tps_raw,0.593825355809801,0.6225723943497578,0.1792274686904759,0.88848876953125,0.17354062725834607,0.19655540349366352,1.0,0.9986654804270463,0.3616317522896113
tin_linear_gauss,0.5593758769522664,0.649851042284931,0.16768041313919735,0.7580105398682987,0.21148968890389974,0.08362555830695381,1.0,0.9853202846975089,0.4050757546608867
idw_k3_gauss,0.5574382004753237,0.6500824645556071,0.1671936658281037,0.7364046573638916,0.21056943226886338,0.08386674245054847,1.0,0.9853202846975089,0.4044206887446732
idw_k6_gauss,0.5586943375890611,0.6501277866904411,0.16627340919306732,0.7362359762191772,0.21148968890389974,0.08384561807428344,1.0,0.9853202846975089,0.4057360892112843
tps_gauss,0.5228761923446569,0.6245572555150208,0.13052790353462984,0.7725944519042969,0.17276487373129062,0.19714284497766552,1.0,0.9959964412811388,0.3334179255540043
