method,auc_tile_max,auc_frac_above_15cm,j_tile_max,thr_tile_max,j_frac15,thr_frac15,cdw_detect_rate_15cm,no_false_high_rate_15cm,cohens_d_tile_max
tps_raw,0.6259071411542368,0.6186317744174553,0.21711972245469646,1.295684814453125,0.17238072207473565,0.22592295711878438,1.0,0.9986654804270463,0.3214168899173816
tin_linear_raw,0.6303333443017038,0.6674534920394464,0.20255144993580398,1.295255091050092,0.2424647294454806,0.11193720453954725,1.0,0.9913256227758007,0.3273694225922657
idw_k6_raw,0.6290307209572035,0.6675389366806317,0.20140877337194196,1.29547119140625,0.2424647294454806,0.11185412796741584,1.0,0.9913256227758007,0.32720303479671264
idw_k3_raw,0.6267493257556379,0.6675268300829705,0.20053787440429338,1.2934646606445312,0.2424647294454806,0.11181959667813615,1.0,0.9913256227758007,0.327222150512194
baseline_idw3_drop13,0.6266596127627132,0.7237123857323436,0.20051319557059943,1.2954013347625732,0.36052190611240387,0.03514151304214795,1.0,0.9532918149466192,0.32457645297706117
idw_k3_gauss,0.5498953244940684,0.6698045001775634,0.1614077986356175,0.8064696687810562,0.23854048446257886,0.17976031111732654,1.0,0.9810943060498221,0.3523320165666616
idw_k6_gauss,0.5494407838370092,0.6697704309700427,0.16026512207175547,0.8057022094726562,0.23762022782754239,0.17979891011424057,1.0,0.9810943060498221,0.3525822272730072
tin_linear_gauss,0.5459812459489461,0.6694854602866346,0.1601985357846193,0.8331444859504701,0.23854048446257886,0.1795147024398564,1.0,0.9810943060498221,0.3491534834317287
tps_gauss,0.532065953639802,0.642429232280287,0.11732674527470177,0.8715254068374634,0.21190239971391184,0.26855891778196356,1.0,0.994661921708185,0.30182542510410015
