method,auc_tile_max,auc_frac_above_15cm,j_tile_max,thr_tile_max,j_frac15,thr_frac15,cdw_detect_rate_15cm,no_false_high_rate_15cm,cohens_d_tile_max
tps_raw,0.6259071411542368,0.6288832688062026,0.21711972245469646,1.295684814453125,0.18363877141005236,0.22344067295241504,1.0,0.9986654804270463,0.3214168899173816
tin_linear_raw,0.6303333443017038,0.666372202134238,0.20255144993580398,1.295255091050092,0.24232022633749972,0.11225449786382168,1.0,0.9913256227758007,0.3273694225922657
idw_k6_raw,0.6290307209572035,0.6664539216684506,0.20140877337194196,1.29547119140625,0.24151979397675033,0.12123136416175563,1.0,0.9913256227758007,0.32720303479671264
idw_k3_raw,0.6267493257556379,0.6664492652847348,0.20053787440429338,1.2934646606445312,0.24139996970246325,0.11233034099195825,1.0,0.9913256227758007,0.327222150512194
baseline_idw3_drop13,0.6266596127627132,0.7237123857323436,0.20051319557059943,1.2954013347625732,0.36052190611240387,0.03514151304214795,1.0,0.9532918149466192,0.32457645297706117
tin_linear_gauss,0.5920328032920013,0.6620991940110214,0.19466074209097706,1.2631965884040384,0.2277159444512048,0.12543546641844067,1.0,0.9897686832740213,0.362613053070594
idw_k3_gauss,0.5959783900336004,0.6622651940904903,0.1944383221621514,1.2636816501617432,0.22786044755918572,0.12351016208163512,1.0,0.9897686832740213,0.36324953337891946
idw_k6_gauss,0.5994314865908567,0.6623133100555537,0.19005945891579523,1.2630638229145723,0.22863620108624116,0.12546582117079447,1.0,0.9897686832740213,0.36377342954902864
tps_gauss,0.5790340425109207,0.6326999513252689,0.1636857015493962,1.2568027316822725,0.18731979795019782,0.23283946482338647,1.0,0.9977758007117438,0.34789105548421784
