{
  "n_auto_predictions": 553937,
  "prob_min": 0.013399999588727951,
  "prob_max": 1.0,
  "prob_mean": 0.381211519241333,
  "prob_p25": 0.11779999732971191,
  "prob_p50": 0.16040000319480896,
  "prob_p75": 0.7318999767303467,
  "spotcheck_frac": 0.05,
  "target_manual_frac": 0.1,
  "recommended": {
    "low_min": 0.39,
    "low_max": 0.61,
    "half_width": 0.11,
    "low_conf_count": 29628,
    "remainder_count": 524309,
    "spotcheck_count": 26215,
    "manual_total": 55843,
    "manual_frac": 0.10081110306767738,
    "auto_total": 524309,
    "auto_frac": 0.9465137732269193,
    "score_to_target": 0.0008111030676773712
  },
  "queue_command": "python scripts/recalculate_manual_review_queue.py --labels-dir output/onboarding_labels_v2_drop13 --out output/onboarding_labels_v2_drop13/manual_review_queue_pre_split.csv --low-min 0.39 --low-max 0.61 --spotcheck-frac 0.05 --seed 2026"
}