{
  "config": {
    "experiment_id": "s2_convnext_small_full_focal_mixup_tta_0_ep_60_focused_3e06b9c6",
    "model_name": "convnext_small",
    "data_strategy": "full",
    "loss_name": "focal",
    "regularization": "mixup",
    "epochs": 60,
    "batch_size": 32,
    "lr_head": 0.0005,
    "lr_backbone": 5e-05,
    "label_smoothing": 0.05,
    "patience": 10,
    "seed": 3032,
    "use_tta": false
  },
  "summary": {
    "experiment_id": "s2_convnext_small_full_focal_mixup_tta_0_ep_60_focused_3e06b9c6",
    "model_name": "convnext_small",
    "data_strategy": "full",
    "loss_name": "focal",
    "regularization": "mixup",
    "epochs": 60,
    "batch_size": 32,
    "lr_head": 0.0005,
    "lr_backbone": 5e-05,
    "label_smoothing": 0.05,
    "patience": 10,
    "seed": 3032,
    "use_tta": false,
    "n_samples": 33146,
    "mean_cv_auc": 0.9882236650523064,
    "std_cv_auc": 0.0008770066172800866,
    "mean_cv_f1": 0.9206382019319379,
    "std_cv_f1": 0.0019740309848081975,
    "mean_cv_precision": 0.9217040568944123,
    "mean_cv_recall": 0.9197247059801207,
    "best_fold_f1": 0.9236509758897818,
    "worst_fold_f1": 0.9177057356608479,
    "mean_threshold": 0.696,
    "training_time_s": 30692.176753886975
  },
  "folds": [
    {
      "experiment_id": "s2_convnext_small_full_focal_mixup_tta_0_ep_60_focused_3e06b9c6",
      "fold": 1,
      "auc": 0.9898949863245857,
      "f1": 0.9206081081081081,
      "precision": 0.9216459977452086,
      "recall": 0.9195725534308211,
      "threshold": 0.7599999999999999,
      "best_epoch": 23
    },
    {
      "experiment_id": "s2_convnext_small_full_focal_mixup_tta_0_ep_60_focused_3e06b9c6",
      "fold": 2,
      "auc": 0.9879591998491315,
      "f1": 0.9177057356608479,
      "precision": 0.9049180327868852,
      "recall": 0.9308600337268128,
      "threshold": 0.57,
      "best_epoch": 30
    },
    {
      "experiment_id": "s2_convnext_small_full_focal_mixup_tta_0_ep_60_focused_3e06b9c6",
      "fold": 3,
      "auc": 0.9882110324943938,
      "f1": 0.9215632686526374,
      "precision": 0.9218151995626025,
      "recall": 0.921311475409836,
      "threshold": 0.7,
      "best_epoch": 36
    },
    {
      "experiment_id": "s2_convnext_small_full_focal_mixup_tta_0_ep_60_focused_3e06b9c6",
      "fold": 4,
      "auc": 0.9875985158348886,
      "f1": 0.9196629213483146,
      "precision": 0.9327635327635327,
      "recall": 0.9069252077562326,
      "threshold": 0.7499999999999999,
      "best_epoch": 49
    },
    {
      "experiment_id": "s2_convnext_small_full_focal_mixup_tta_0_ep_60_focused_3e06b9c6",
      "fold": 5,
      "auc": 0.9874545907585324,
      "f1": 0.9236509758897818,
      "precision": 0.9273775216138328,
      "recall": 0.9199542595769011,
      "threshold": 0.7,
      "best_epoch": 51
    }
  ]
}