{
  "config": {
    "experiment_id": "s2_convnext_small_full_ce_mixup_tta_0_ep_60_focused_da119602",
    "model_name": "convnext_small",
    "data_strategy": "full",
    "loss_name": "ce",
    "regularization": "mixup",
    "epochs": 60,
    "batch_size": 32,
    "lr_head": 0.0005,
    "lr_backbone": 5e-05,
    "label_smoothing": 0.05,
    "patience": 10,
    "seed": 3031,
    "use_tta": false
  },
  "summary": {
    "experiment_id": "s2_convnext_small_full_ce_mixup_tta_0_ep_60_focused_da119602",
    "model_name": "convnext_small",
    "data_strategy": "full",
    "loss_name": "ce",
    "regularization": "mixup",
    "epochs": 60,
    "batch_size": 32,
    "lr_head": 0.0005,
    "lr_backbone": 5e-05,
    "label_smoothing": 0.05,
    "patience": 10,
    "seed": 3031,
    "use_tta": false,
    "n_samples": 33146,
    "mean_cv_auc": 0.9861049068273179,
    "std_cv_auc": 0.0017502631739893912,
    "mean_cv_f1": 0.9193645590389945,
    "std_cv_f1": 0.003461343174813503,
    "mean_cv_precision": 0.9219266162809914,
    "mean_cv_recall": 0.9169141485972856,
    "best_fold_f1": 0.9234752589182968,
    "worst_fold_f1": 0.9145927601809954,
    "mean_threshold": 0.716,
    "training_time_s": 35242.789534401
  },
  "folds": [
    {
      "experiment_id": "s2_convnext_small_full_ce_mixup_tta_0_ep_60_focused_da119602",
      "fold": 1,
      "auc": 0.9844696992556998,
      "f1": 0.9221300508429221,
      "precision": 0.9135737009544008,
      "recall": 0.930848190167477,
      "threshold": 0.49999999999999994,
      "best_epoch": 50
    },
    {
      "experiment_id": "s2_convnext_small_full_ce_mixup_tta_0_ep_60_focused_da119602",
      "fold": 2,
      "auc": 0.9844019006554353,
      "f1": 0.9160348216793036,
      "precision": 0.9256526674233825,
      "recall": 0.9066147859922179,
      "threshold": 0.7599999999999999,
      "best_epoch": 51
    },
    {
      "experiment_id": "s2_convnext_small_full_ce_mixup_tta_0_ep_60_focused_da119602",
      "fold": 3,
      "auc": 0.9871291394883028,
      "f1": 0.9145927601809954,
      "precision": 0.9140757490107405,
      "recall": 0.9151103565365025,
      "threshold": 0.7699999999999999,
      "best_epoch": 37
    },
    {
      "experiment_id": "s2_convnext_small_full_ce_mixup_tta_0_ep_60_focused_da119602",
      "fold": 4,
      "auc": 0.9855274428003581,
      "f1": 0.9234752589182968,
      "precision": 0.9325973271353865,
      "recall": 0.9145299145299145,
      "threshold": 0.71,
      "best_epoch": 48
    },
    {
      "experiment_id": "s2_convnext_small_full_ce_mixup_tta_0_ep_60_focused_da119602",
      "fold": 5,
      "auc": 0.9889963519367932,
      "f1": 0.9205899035734544,
      "precision": 0.9237336368810473,
      "recall": 0.9174674957603166,
      "threshold": 0.84,
      "best_epoch": 38
    }
  ]
}