method,auc_tile_max,auc_frac_above_15cm,j_tile_max,thr_tile_max,j_frac15,thr_frac15,cdw_detect_rate_15cm,no_false_high_rate_15cm,cohens_d_tile_max
tin_linear_gauss,0.6224755415684687,0.6528738113804501,0.217836339908561,0.6794771456718445,0.22446842723500204,0.09920232397391379,1.0,0.9908807829181495,0.41390112711934
idw_k6_raw,0.6233803545308476,0.6581089835921455,0.2161822371999116,0.68280029296875,0.24180880019271228,0.10171930413989808,1.0,0.9911032028469751,0.4155454827194078
tin_linear_raw,0.6232419823280925,0.6580063103312117,0.21537047430545375,0.683990478515625,0.24180880019271228,0.10171899274053335,1.0,0.9911032028469751,0.4149153273674982
idw_k6_gauss,0.6220884408688936,0.6530352326825986,0.21522007311143287,0.678547556961284,0.2253886838700384,0.09958218227751132,1.0,0.9908807829181495,0.4143220244005682
idw_k3_raw,0.6199640434049465,0.6580857792799617,0.2145641438586645,0.6831008731617648,0.24103304666565672,0.09917372995103853,1.0,0.9911032028469751,0.41461878234547417
idw_k3_gauss,0.6183921258688811,0.6529831587913766,0.2138549766187453,0.6787462830543518,0.22555786581171322,0.08768210448008963,1.0,0.9908807829181495,0.4133559020161859
baseline_idw3_drop13,0.6266596127627132,0.7237123857323436,0.20051319557059943,1.2954013347625732,0.36052190611240387,0.03514151304214795,1.0,0.9532918149466192,0.32457645297706117
tps_gauss,0.548507644540359,0.6246215912166945,0.15678183662674183,0.6793064061333152,0.1746053870013634,0.19169943158960517,1.0,0.9986654804270463,0.3444948769593287
tps_raw,0.5638903961775436,0.6241068279969106,0.15465231714070726,0.6832711612477023,0.17339612415036515,0.1935506157216678,1.0,0.9986654804270463,0.3483505538897685
