method,auc_tile_max,auc_frac_above_15cm,j_tile_max,thr_tile_max,j_frac15,thr_frac15,cdw_detect_rate_15cm,no_false_high_rate_15cm,cohens_d_tile_max
harmonized_dem_gauss,0.6363006552463165,0.6875179270773059,0.22557121411169856,1.2799605131149292,0.30136115408780817,0.01015459091599268,1.0,0.9537366548042705,0.3666912136113999
harmonized_dem_raw,0.639938687843486,0.7109624310544784,0.20739098474444528,1.2899932861328125,0.3373463082948199,0.008110894142031502,1.0,0.9555160142348754,0.3648745614119363
baseline_idw3_drop13,0.6266596127627132,0.7237123857323436,0.20051319557059943,1.2954013347625732,0.36052190611240387,0.03514151304214795,1.0,0.9532918149466192,0.32457645297706117
