name,total_epochs,best_epoch,best_box_mAP50,best_mask_mAP50,best_box_mAP50-95,best_mask_mAP50-95,final_box_mAP50,final_mask_mAP50,overfitting_drop,overfitting_pct
cdw_ultimate,208,107,0.16246,0.14581,0.04123,0.03327,0.0631,0.0021,0.09935999999999999,61.15967007263327
cdw_4hour_enhanced,158,136,0.13484,0.06323,0.04291,0.01206,0.10722,0.08765,0.027619999999999992,20.48353604271729
cdw_conservative,118,97,0.10704,0.06143,0.02915,0.01354,0.02662,0.00632,0.08041999999999999,75.13079222720478
