experiment_id,stage,model_name,loss_name,regularization,use_tta,mean_cv_auc,mean_cv_f1,std_cv_f1,mean_cv_precision,mean_cv_recall,mean_threshold,training_time_s
s2_convnext_tiny_full_ce_mixup_tta_1_ep_60_focused_3fb56d79,s2,convnext_tiny,ce,mixup,True,0.9912802206736122,0.9232819893515117,0.005563227145084805,0.9153983881810543,0.9315970509824245,0.582,18701.779444263026
s2_convnext_small_full_ce_mixup_swa_tta_0_ep_60_focused_df4d4976,s2,convnext_small,ce,mixup_swa,False,0.9863166741895132,0.9216803516478403,0.004882889862666868,0.9125266445330734,0.9310277643481903,0.586,33107.42736699601
s2_convnext_small_full_focal_mixup_tta_0_ep_60_focused_3e06b9c6,s2,convnext_small,focal,mixup,False,0.9882236650523064,0.9206382019319379,0.0019740309848081975,0.9217040568944123,0.9197247059801207,0.696,30692.176753886975
s2_convnext_tiny_full_ce_mixup_swa_tta_0_ep_60_focused_645ca739,s2,convnext_tiny,ce,mixup_swa,False,0.9877631586801071,0.9195863386335968,0.003653585157903711,0.9212814672402203,0.9180551997683395,0.6060000000000001,19292.087894143013
s2_convnext_small_full_ce_mixup_tta_0_ep_60_focused_da119602,s2,convnext_small,ce,mixup,False,0.9861049068273179,0.9193645590389945,0.003461343174813503,0.9219266162809914,0.9169141485972856,0.716,35242.789534401
s2_convnext_tiny_full_ce_mixup_tta_0_ep_60_focused_b382b45e,s2,convnext_tiny,ce,mixup,False,0.9868795513313439,0.9173194188636135,0.004354667638553565,0.9199724196743961,0.9147745016025468,0.6099999999999999,18521.276412451
s2_convnext_tiny_full_focal_mixup_tta_0_ep_60_focused_cc1ef6e4,s2,convnext_tiny,focal,mixup,False,0.9885301186705415,0.9158672340114729,0.009603584477632198,0.9168352537014629,0.9149639864293135,0.6619999999999999,15611.690537235001
