method,auc_tile_max,auc_frac_above_15cm,j_tile_max,thr_tile_max,j_frac15,thr_frac15,cdw_detect_rate_15cm,no_false_high_rate_15cm,cohens_d_tile_max
tin_linear_raw,0.6180810940239951,0.6176716665100007,0.18699130807059539,1.287200927734375,0.17471773007958058,0.21179725210803824,1.0,0.9989967542047802,0.3896159006516914
baseline_idw3_drop13,0.6149085635417983,0.6720872244330491,0.1855900742056047,1.295918345451355,0.2919859611654184,0.05042476689706324,1.0,0.9603422838595456,0.3192023031394484
idw_k6_raw,0.616174136493008,0.6176850059914362,0.184628899417826,1.28759765625,0.17471773007958058,0.21190503996227555,1.0,0.9989967542047802,0.38857505682280047
idw_k3_raw,0.6155242235351944,0.6176651209689632,0.18427436816245346,1.282012939453125,0.17471773007958058,0.2119689551859108,1.0,0.9989967542047802,0.38833577640143013
tps_raw,0.5985792951114701,0.5779922742569492,0.16938306183936935,1.279730987548828,0.12523958445140282,0.3399587621836504,1.0,0.999645913248746,0.3729221360776031
tin_linear_gauss,0.5526683124649544,0.6140260529093252,0.1437608857206495,1.0494307637214662,0.17574223363058022,0.2703270451036834,1.0,0.995868987902036,0.3971073839798256
idw_k6_gauss,0.5503650446493492,0.6139402374671737,0.14148715128161649,1.0523307740688324,0.17470871797647436,0.27068786621093754,1.0,0.995868987902036,0.3936722383549368
idw_k3_gauss,0.5499097722007908,0.6139258085148599,0.14128044815079532,1.0523313105106353,0.17450201484565314,0.2706293086401309,1.0,0.995868987902036,0.3933840771164642
tps_gauss,0.5280590435692042,0.5828909885462183,0.130531885348094,1.0760288774967195,0.1315257878410605,0.3224219462914774,1.0,0.9995278843316613,0.35115156295314437
