method,auc_tile_max,youden_tile_max,thr_tile_max,cdw_detect_rate_15cm,no_false_high_rate_15cm,cohens_d_tile_max,n_tiles
baseline_idw3_drop13,0.6149085635417983,0.1855900742056047,1.295918345451355,1.0,0.9603422838595456,0.3192023031394484,23716
tin_linear,0.591972316632137,0.17884093285028801,1.2783203125,1.0,0.9809383298908233,0.3889035582343955,23716
natural_neighbor_linear,0.591972316632137,0.17884093285028801,1.2783203125,1.0,0.9809383298908233,0.3889035582343955,23716
idw_k6,0.5921113244004566,0.17227690567086595,1.2795852661132812,1.0,0.981056358807908,0.38788440572630745,23716
tin_linear_bilateral,0.5840248618997609,0.1636629300866056,1.278253936767578,1.0,0.9788728238418413,0.3838348184700798,23716
natural_neighbor_bilateral,0.5840248618997609,0.1636629300866056,1.278253936767578,1.0,0.9788728238418413,0.3838348184700798,23716
