metric,mean,std,min,max
mAP50,0.10673555555555556,0.08478889507345745,0.03943,0.26624
mAP50-95,0.03970222222222222,0.037131502049397955,0.01109,0.11986
precision,0.1587411111111111,0.20539311858266115,0.00143,0.47846
recall,0.19519555555555554,0.08333306308289512,0.06757,0.31081
overfitting,76.82803403853313,26.570464283021963,36.738148984198645,100.0
